position,company,wages,place,education,work_experience,release_date,limit_people,address,company_type,company_size,industry,point_information
PHP开发工程师,上海沁未网络科技有限公司,2-5万/月,上海-虹口区,本科,3-4年经验,07-05发布,招5人,1133号,民营公司,少于50人,计算机软件,"1. 按质、按量、按时的完成代码开发任务。2. 根据项目需要，撰写及修改相应的文档。3. 完成在各个测试阶段BUG的修改4. 按照编码规范编程，并编制贯穿整个软件开发周期的文档资料任职条件1. 大专以上学历，年龄不超过35岁，热爱编程开发，计算机，软件相关专业的应届生也可培养。2. 会PHP/MySQL开发, 熟悉基于PHP的面向对象编程思想,3. 熟悉WEB应用框架(Codelgniter、Zend Framework、Symfony、ThinkPhp或其它)；4. 熟悉MySQL数据库应用开发，熟悉MySQL日常维护、性能优化等基本操作技能；对SQL Server， Oracal等有一定认识了解5. 谦虚好学，积极上进。注意：投递简历后确保手机和邮箱的畅通，一旦错过面试通知，公司不进行第二次联系。职能类别：软件工程师网站维护工程师关键字：phpphp开发程序员微信分享"
PHP软件工程师（靠近2号线威宁路站）,上海求步信息系统有限公司,0.8-1万/月,上海-长宁区,大专,2年经验,07-05发布,招2人,天山路641号2号楼605室,外资（非欧美）,少于50人,"计算机软件,互联网/电子商务",1、2年以上PHP语言开发经验；2、熟悉MVC架构至少精通或熟悉一种常用的PHP开发框架；如无PHP开发经验，Java的框架经验也可。3、具备良好的代码编程习惯及文档编写能力，有良好的团队合作能力；任职要求：1、学历大专以上（含大专）；2、2年以上工作经验；工作时间9:00-18:00，加班有加班费，如果休日出勤按休日加班计算。五险一金，年终奖，年度体检，旅游，节日福利。总公司在日本东京，有出国出差机会。公司也做国内项目的，不会日语没关系，同事都是中国人。内部员工推荐人员入职另外有奖金。职能类别：软件工程师关键字：PHP软件开发工程师微信分享
后端开发程序员PHP,上海通泰化学有限公司,1-1.5万/月,上海-徐汇区,大专,3-4年经验,07-05发布,招1人,钦州北路1089号54栋二层,民营公司,少于50人,"贸易/进出口,互联网/电子商务",岗位职责能独立进行二次开发，程序模块的设计和开发、优化、维护、能负责整站(PC/移动端/小程序)上线；按照项目计划，按时提交高质量代码，完成开发任务；负责相关产品需求讨论与产品系统架构的设计和优化工作；能编写相关文档，并完成高质量的代码实现和单元测试；职位要求:计算机以及相关专业，专科以上学历，熟练PHP、MySQL，2年以上PHP开发经验，掌握常用的测试方法和调试工具、能自己搭建测试环境；熟练使用PHP的各类开发框架（Laravel/Ecstore）;掌握H5、Bootstrap，React，VUE等基础前端技术；5.有小程序开发经验，了解小程序相关开发配置；6.良好的编程习惯、代码清晰、模块化强、文档清晰；7.具有较强学习能力和问题解决能力，有责任心，积极上进，有团队协作精神；职能类别：PHP开发工程师关键字：phpphp开发微信分享
PHP开发工程师,北京汉克时代科技有限公司,1.1-1.4万/月,深圳,大专,3-4年经验,07-05发布,招5人,深圳市福田区梅林街道梅林路卓越梅林中心广场（南区）B座2301室,民营公司,1000-5000人,计算机软件,岗位职责：1.负责服务端功能设计和开发2.负责产品功能的优化和重构任职资格：1.大专以上学历，有三年以上的PHP项目开发经验；2.熟练掌握LNMP/LAMP开发，并具备良好的编程风格；3.熟悉mysql，掌握mysql分区、分表、集群等相关设计方案，具备mysql优化经验；4.了解memcache、redis、mongodb等常用nosql解决方案，了解各自的优缺点以及使用场景；5.熟悉web开发中各类缓存设计、站点优化方案；职能类别：PHP开发工程师关键字：nginxphp开发linunxphp微信分享
PHP高级程序员,武汉市凯维网络技术有限公司,0.8-1万/月,武汉-洪山区,大专,3-4年经验,07-05发布,招若干人,光谷总部国际,民营公司,,计算机软件,岗位职责：1.精通PHP语言，熟练使用php进行高效开发；2.负责客户php项目功能二次开发及维护；3.熟练使用各种api接口进行开发工作；4.参与PHP项目的需求分析、设计、优化等开发工作；5.能够独立完成系统架构设计、数据库设计、编程工作；6.具有代码结构清晰，编写规范，喜欢写注释的良好编程习惯；任职要求：1.大专以上学历，计算机相关专业，3-4年PHP全职开发经验；3.精通PHP+MYSQL编程，熟悉MYSQL数据库开发、配置、维护、性能优化；5.熟练掌握前端网页技术，如：javascript、JQeury、Ajax、html5、vue等；6.能够承受工作压力，能在规定时间内高效完成任务；7.工作认真负责有担当，有较强的沟通能力，能够快速了解客户需求，良好的团队合作精神。工作时间：09:00-12:0013:30-18:30福利：公司购买五险，定期组织团建，免费旅游，年终奖。无工作经验或条件不符请勿投职能类别：PHP开发工程师微信分享
PHP开发工程师,湖南强视信息科技有限公司,0.5-1.2万/月,长沙-开福区,大专,2年经验,07-05发布,招若干人,元盛大厦1201,民营公司,少于50人,计算机软件,"岗位职责：1、WEB管理系统软件的前端、后端的需求分析、设计和开发；2、编写开发文档，使用说明文档；任职要求：1.Php开发2年以上（有能力者可不考虑时间限定），熟悉常用PHP框架；2.熟悉web开发相关前端技术，包含js,jquery,html,css等，能独立编写js和jquery框架代码，对div+CSS相关知识熟练掌握并能在一定范围内修改相关代码。3.熟悉SQL语言, 熟悉编写高效sql与sql优化；4.有初步的美术素养5.熟悉moodle系统优先职能类别：软件工程师PHP开发工程师关键字：phpphp开发php工程师微信分享"
PHP网站程序员 (职位编号：site001),温州市赛特网络信息服务有限公司,0.4-1万/月,温州,大专,1年经验,07-05发布,招1人,温州市瓯海经济技术开发区东方路213号第3层,民营公司,少于50人,"计算机软件,贸易/进出口",岗位职责：1、企事业单位网站、电子商务网站开发、系统开发；2、按照项目管理流程，参与研发部门的总体设计评审；3、进行详细设计、代码开发，配合测试，高质量完成项目；4、参与技术难题攻关、组织技术积累等工作。任职资格：1、一年以上开发经验，有企业级应用开发经验；2、精通PHP编程，有实际项目经验，熟练使用相关开发工具；3、熟悉JavaScript、Ajax、XML等相关技术；4、熟悉MySQL等数据库开发、SQL性能调优；6、有良好的代码书写、注释和单元测试习惯，熟练运用多种软件设计模式；职能类别：软件工程师网站架构设计师关键字：php程序员微信分享
PHP开发工程师,福建省扬彬网络科技有限公司,0.6-1万/月,福州-鼓楼区,大专,,07-05发布,招若干人,洪山桥小区4座夹层,民营公司,少于50人,计算机软件,"岗位职责1、负责公司现有PHP网站优化和新产品开发；2、按照项目计划，与项目组其他成员协同工作实现开发目的；3、协助工程师测试和发布系统，准备相关的技术文档，协助解决各种技术问题；4、负责文档撰写，在前期期间设计交付URL接口文档、模板数据描述文档，在编码期间能撰写清晰明了的注释。任职资格1、具备1-2年以上PHP开发/技术支持经验，熟悉PHP面向对象的设计方法，熟练使用PHP常用MVC框架2、具有良好的代码编写能力和良好的代码编程习惯，具备快速解决问题的能力4、精通PHP+MYSQL编程，熟练使用Javascrīpt/Ajax以及CSS编写；5、熟悉主流开发框架及设计模式6、熟悉各种WEB缓存技术，熟悉大型网站架构及性能优化7、熟悉Mysql数据库应用开发，了解Mysql的数据库配置管理、性能优化，熟悉mangodb，postgresql的优先8、至少一种PHPFramework(Zend，Framework,smarty，Yii，etc、、)有一定的了解；具备良好的代码编程习惯及文档编写能力；9、至少具备一种SQL数据库(MySQL，Oracleetc、、)使用经验，了解事务，触发器，存储过程等。熟悉各种缓存及nosql技术。职能类别：PHP开发工程师软件工程师关键字：phpphp开发php工程师微信分享"
PHP高级开发/架构,深圳市达熙科技有限公司,1.8-3.5万/月,深圳,大专,3-4年经验,07-05发布,招4人,南山区,民营公司,少于50人,"互联网/电子商务,计算机软件",职责描述：1、负责游戏前台业务API/后台系统/数据统计系统编写；2、保证业务稳定、安全、可靠性。任职要求：1、统招本科优先，计算机应用及相关专业，至少3年以上PHP开发经验；2、熟练掌握LNMP开发，并具备良好的编程风格，能把良好的设计理念，思想落实到项目实践中；3、熟悉Mongodb、Redis、mysql等常用的数据存储解决方案，了解各自的优缺点及使用场景；4、熟练Linux系统；5、熟悉网络编程和数据安全，有丰富的开发经验；5、善于抽象、总结、思考，富有激情，对技术有执着追求；6、有游戏后端开发经验者优先；7、具有Go语言开发经验优先；8、有高并发系统开发经验者优先。9、具有创业激情及创业心态，目标导向；职能类别：系统架构设计师高级软件工程师微信分享
PHP开发工程师,广州海力物流集团有限公司,0.8-1.3万/月,广州-黄埔区,本科,2年经验,07-05发布,招2人,经济技术开发区志诚大道302号融汇大厦1001,民营公司,150-500人,交通/运输/物流,"【职位描述】1、负责平台的设计、开发和运营工作；2、研究新兴技术，持续优化系统架构。3、参与系统框架和核心模块的开发和维护；4、参与新产品的开发；5、根据公司技术文档规范编写相应的技术文档；【任职要求】1、两年以上开发经验；2、本科学历, 主修计算机科学、软件工程或信息技术相关专业；英语四级；3、精通HTML, CSS, JavaScript等前端技术；4、精通TCP/IP、HTTP等网络通讯协议；5、精通php基础,面向对象思想；6、熟悉数据库(Mysql)优化，算法（高效代码），扩展管理（pear pecl）包括管理工具 （composer）；7、熟悉LNMP环境、SVN、Linux操作；8、熟悉HYperf或Laravel框架，熟悉redis各场景应用，消息队列等，了解Swoole；9、良好的编码习惯,良好的团队合作能力和沟通能力；热爱互联网产品，工作态度积极，对产品细节敏感；10、沟通良好，能承受一定的工作压力,能独立工作；11、熟悉TARS的RPC开发框架优先考虑。职能类别：软件工程师关键字：PHP微信分享"
PHP全栈工程师,广州老店长互联网科技有限公司,1.5-2万/月,广州-番禺区,大专,5-7年经验,07-05发布,招1人,市莲路傍江东村段64号名企汇商务中心5楼,创业公司,50-150人,互联网/电子商务,"岗位职责：1. 精通多个前后端技术栈2. 贯穿参与到产品、开发、测试、运维整体流程3. 按项目需求开发前端web界面，后端数据提交，前后端交互功能4. 设计系统架构，并保障满足架构的稳定性、可扩展性、高性能等指标等可用性和优越性5. 带人或独立完成项目，完成交代的工作及突发技术问题应变处理6. 数据备份、监控、应急响应、故障排除等任职要求：1.精通MySQL,有良好的数据库设计和优化能力，精通常用MySQL调优方案2.精通PHP，熟练常用的NOSQL，了解python,java等语言；深入了解CSS、HTML、JavaScript、小程序开发，至少掌握一种前段开发框架如ReactJS Redux、VueJS、AngularJS等3. 对终端产品的UI、UX有独到见解与认识，追求良好的用户体验4. 掌握TCP、HTTP/HTTPS等协议原理5. 精通GIT、SVN等6. 具备良好的代码编写习惯及代码设计能力，逻辑思维能力强7. 精通各种缓存技术，熟悉大型网站架构设计和性能优化。薪酬福利待遇：【工作时间】：上午9:00-12:00；下午14:00-18:30，不提倡加班，追求专业高效。【员工福利】：1.提供午餐、晚餐及住宿；2.行业内有竞争力的薪酬+灵活的奖金和调薪制度+年终奖（与年度绩效挂钩）；3.享有节日福利，年终表彰：杰出贡献奖。【带薪休假】：1.人性化管理，公司鼓励员工自我管理、规划工作；2.享有法定节日、带薪年假、带薪婚假、产假、陪产假、哺乳假等假期；【安全保障】：1.购买五险一金：医疗保险、养老保险、工伤保险、失业保险、生育保险、住房公积金；2.年度定期体检。【成长与发展】1.晋升机会：提供横向及纵向发展通道，定期评估并提供晋升机会，专业发展通道及管理发展通道，能力决定位置；2.专业培训：团队骨干成员拥有10年以上互联网营销经验，关注员工成长与发展，提供完善的职培训课程体系和导师制度，最充足的成长晋升空间；3.我们希望你是：热爱生活，懂得玩；专业主义，恨业余；出类拔萃，会合作干脆利落，职业范。【工作之余】工作生活平衡，不提倡加班，自我管理1.丰富多彩的部门团建活动、公司周年旅游、郊游踏青徒步；2.享有员工生日聚会及精美生日礼物。职能类别：系统架构设计师高级软件工程师关键字：全栈php微信分享"
PHP后端工程师（***）,世展和新展联合展览（广州）有限公司,50元/小时,广州-越秀区,,3-4年经验,07-05发布,招若干人,广州市越秀区德政北路538号达信大厦2502-2504室,合资,50-150人,公关/市场推广/会展,此为***岗位(不需到公司坐班）工作内容：后台功能维护，bug修复，保证数据输入输出。前台能按具体功能抽取后台数据。前台页面展示无障碍，保证页面布局、数据调用、页面跳转正确。完成其他临时需求。工作要求：熟练运用PHP开发语言。熟悉REDIS缓存与队列、了解Linux操作系统。熟悉HTML、CSS、jquery等技术及常用的框架，能修改前台页面显示规则。了解VUE。了解源码管理工具git。不少于两年后台开发经验。有电商、ERP或CRM系统开发优先。职能类别：PHP开发工程师关键字：phpphp工程师微信分享
PHP程序员,沈阳亮华智创教育信息有限公司,4.5-6千/月,沈阳,大专,,07-05发布,招1人,皇姑区北陵大街19号沈阳天地中汇广场A座18楼1808办公室,民营公司,少于50人,教育/培训/院校,"基本要求：女，20岁—30岁岗位要求：根据产品需求、系统需要、参与代码编写有一定的PHP开发基础，精通PHP，熟悉laravel,tp等框架，熟悉Mysql，Apache，熟悉linux服务器。了解JavaScript，Ajax等技术，熟悉网上商城等优先工作能力强，有责任心，有较强的沟通能力以及工作热情薪资待遇：试用期薪资2500-3500，转正后薪资3500-6000，具体情况面议。本公司为教育培训类公司，有意向的应聘者可直接前来参加面试，面试时间：每天下午1点-3点。咨询电话：024-31630468；18642040119面试地址：沈阳市皇姑区北陵大街19号沈阳天地中汇广场A座18楼1808办公室。职能类别：软件工程师关键字：工程师框架产品程序员技术运营维护开发微信分享"
PHP开发工程师,黑龙江省新春木业集团有限责任公司,6-8千/月,哈尔滨-南岗区,大专,3-4年经验,07-05发布,招2人,-哈尔滨市南岗区嵩山路55-1号,民营公司,500-1000人,"原材料和加工,多元化业务集团公司",岗位职责：1、负责PHP平台的开发与维护及需求功能构建；2、负责网站运营的技术支持和维护工作，保证网站正常运营；3、根据业务变化，不断改善产品的系统架构设计，保证系统的性能、稳定性及可靠性；4、对新的技术具备一定的理解和掌握能力，对于ERP平台的构建有一定理解。5、熟悉掌握与应用ThinkPHP等开源框架，熟悉jQuery等前端开发插件；任职资格：1、本科以上学历，计算机及相关专业毕业，三年以上PHP开发经验；2、熟悉PHP+MySQL开发技术；3、熟悉MySQL数据库应用开发，了解MySQL的数据库配置管理、性能优化等基本操作技能；4、具备需求分析和系统设计能力，以及较强的逻辑分析和独立解决问题能力；5、沟通能力强，有责任心和团队合作精神；6、有大型系统网站开发经验者优先。7、熟悉前端开发经验者优先。8、熟悉OA系统开发优先职能类别：ERP技术开发软件工程师关键字：PHP程序员数据库mysql周末双休交通补助出差补贴微信分享
PHP开发工程师,真管家政服务科技（深圳）有限公司,1.2-2万/月,深圳-南山区,本科,5-7年经验,07-05发布,招1人,沙河西路2009号万象天地西侧尚美科技科技大厦,民营公司,150-500人,"互联网/电子商务,生活服务",1、独立完成据于PHP技术的O2O社区生活电商平台后端和APP、小程序、H5、PC等前端的功能模块重新设计和二次开发，负责解决方案设计和撰写技术文档；2、快速解决软件产品的错误和缺陷；确保系统安全性，健壮性，稳定性；3、参与产品需求分析，提出一定的见解等工作；4、遵守团队的编码规范，编写高质量、高效率、结构清晰、易读、易维护的代码；5、参与产品经理需求讨论，优化产品和用户体验；6、独立负责已有业务平台的维护及新开发平台后台系统和各APP、小程序等前端的发布和上架职位要求：1、统招本科以上学历，软件工程、计算机科学与技术、网络工程等专业，三年以上PHP/MySQL开发经验；2、熟悉PHP面向对象和MVC开发，精通LaravelPHP开发框架； 熟悉WEB端3、熟练掌握MySQL数据库及优化经验；4、有成功主导大型网站开发，且网站运行稳定、访问性能优良者优先考虑；5、有良好的沟通、协调能力和学习能力，具备良好的团队合作精神，对工作积极严谨踏实，能承受较大的工作压力。6、具备独立维护网站和app发布经验7、有二次开发和重构平台经验优先职能类别：PHP开发工程师软件工程师关键字：PHP软件工程师程序员php开发php工程师软件开发微信分享
PHP开发工程师,南京蓝筹网络科技有限公司,0.8-1.2万/月,南京-雨花台区,大专,2年经验,07-05发布,招1人,软件大道11号花神大厦,民营公司,少于50人,互联网/电子商务,"针对外贸B2C电商平台Magento的二次开发以及其他开源程序如Wordpress等二次开发；任职要求：1. 大专以上学历，计算机相关专业，熟悉PHP以及MYSQL开发；2. 有2年以上的Magento，Wordpress，Joomla等开源电商系统开发经验；3. 熟悉HTML、DIV+CSS、Javascript、并能熟练使用jquery等框架；4. 熟悉常用开源框架/类包/拓展,如ThinkPHP/YIIy/Memcached等；5. 熟悉LAMP环境/Nginx、数据库查询优化和存储优化、缓存技术等，有相应的网站性能优化经验者优先；6. 有独立设计和优化Magento网站前后端优先。相信我，我们带给你的绝对不仅仅是工作机会，还有惊喜与温暖哦~~为什么选择蓝筹：1、行业前景: 家具是跨境电商10大热选品类之一，更多年轻人会在网上买家具，市场体量超过1500亿美金；2、行业标杆：我们行业内有一家标杆企业Wayfair，2002年成立2014年美国上市，年销售超过50亿美元；3、公司情况：专业风险投资机构投资，定位家具供应链服务平台公司，集产品选品开发、打样备货、海外仓储、跨境电商、软件研发于一体；4、企业定位：专注于家具行业，做家具垂直行业的上下游交易服务，让客户满意；5、工作氛围：年轻人为主体，工作氛围轻松愉悦，团队积极活跃，凝聚力强；6、薪酬福利：完善的薪酬福利体系，全方位关爱员工，周末双休+五险一金+内部奖励政策；7、职业规划：成长期公司，关注员工的学习和发展，为员工提供持续开放式的培训及晋升机会。岗位福利待遇：【合理丰厚有薪金】平均薪资8000-12000（底薪+绩效+年终奖+节日福利）【超长假期福利好】周末双休+法定节假日休息+年假【境外旅游全程包】一起旅游一起嗨【五险一金加奖金】社会保障五险（养老、医疗、工伤、生育、失业）+公积金，优秀员工奖、年终奖还有各种激励奖金【晋升空间发展多】岗位多方发展 + 岗位晋升（主管+经理+总监+副总+公司合伙人）工作地址：南京市雨花区花神大厦707室（地铁一号线花神庙站1号口出，交通方便，环境mice哦）职能类别：贸易/外贸专员/助理电商专员关键字：magento微信分享"
PHP开发工程师,广州市方巨网络科技有限公司,0.6-1万/月,广州,大专,2年经验,07-05发布,招1人,广州市天河区天河软件园科韵路园区建工路19号三楼方巨网络,民营公司,150-500人,"网络游戏,计算机软件",岗位职责1、负责游戏数据后台功能开发；2、负责对接游戏渠道h5链端SDK，会对接安卓SDK优先；3、游戏数据的统计分析报表开发。任职条件1、至少2年以上PHP开发经验，有游戏经验者优先考虑；2、熟练PHP编程，了解PHP的面向对象编程，能够独立编写中等规模PHP应用程序；3、熟练使用HTML、CSS、jQuery等前端技术；4、熟悉MYSQL数据库开发、配置、维护、性能优化（MYSQL索引优化、查询优化、存储优化和配置优化等）；5、熟悉PHP的各种缓存技术和静态化设计，熟悉memcache，redis缓存队列开发；6、了解Linux操作系统，熟悉Linux下的各种操作命令以及Linux下的简单编程；7、必须拥有良好的代码习惯，要求结构清晰，命名规范，逻辑性强，代码冗余率低，有撰写详细的编码注释的习惯；8、有JAVA开发经验并熟练使用spring等开发框架优先考虑。职能类别：PHP开发工程师游戏开发工程师关键字：php开发HTMLCSSjQueryMYSQL微信分享
PHP程序员,深圳南海商学院有限公司,5-7千/月,深圳-南山区,大专,2年经验,07-05发布,招若干人,广东省深圳市南山区粤海街道高新区社区高新南一道9号中国科技开发院3号楼裙楼2层209,民营公司,50-150人,教育/培训/院校,"岗位职责：PHP程序员【任职资格】1、PHP1-2年实际工作经验；2、熟悉电子商务平台的结构及程序设计,能独立承担WEB应用系统设计与开发工作3、精通PHP+MySQL程序开发，熟悉TP5以及原生PHP语言开发4、熟悉DIV/CSS、Javascript、AJAX、JSON等Web页面技术5、熟悉网络编程，具有设计和开发对外API接口经验和能力，同时具备跨平台的API规范设计以及API高效调用设计能力。【福利待遇】1、薪资待遇：基本工资+伙食补助+住房补助+交通补助+工龄补助+五险一金+绩效考评奖+提成+年终奖；2、优秀者，可面议薪资待遇；3、人文关怀：员工生日精美生日礼品+生日庆贺等福利、结婚福利、员工父母关怀、国家法定节假日、年休假；4、为具备创业基因员工提供创业平台。职能类别：PHP开发工程师关键字：phpphp工程师开发微信分享"
PHP开发工程师（新品牌）,广州市温碧泉电子商务有限公司,0.6-1万/月,广州-天河区,大专,2年经验,07-05发布,招1人,环球都会广场,民营公司,150-500人,"互联网/电子商务,快速消费品(食品、饮料、化妆品)",工作职责：1.参与公司未来项目/产品的设计、功能模块开发、单元测试；2.参与公司现有项目的开发、版本迭代、功能开发；3.定期分析系统问题，提出优化改进的建议、方案，并且实施。工作要求：1.本科以上学历，计算机相关专业，具备扎实的计算机理论基础，熟悉面向对象程序设计及MVC开发模式；2.2年及以上php开发经验，开发过B2C，B2B等电子商务系统，有过大中型互联网系统开发经验、分销商城开发经验者优先；3.熟练掌握php相关技术及WEB开发技术（JS、CSS、DHTML、AJAX等）；4.熟练使用各种php开发工具，例如eclipse、mysql、git、svn等工具；5.熟悉LNMP（Linux+Nginx+Mysql+PHP）运行架构；6.熟悉ThinkPHP、Yii、Ci等主流开源框架的开发，能对相关的开源框架进行二次开发；7.掌握基本的前端开发技术，HTML/Javascript/CSS，熟悉Bootstrap，至少掌握一种UI库；8.熟练掌握AJAX/XML/JSON等技术；9.熟悉PHPGD库和图像处理技术；10.熟悉HTTP、WebSocket等协议，了解服务端底层运行机制；11.熟悉Linux操作系统，使用linux系统作为基础开发环境者优先；12.有分布式、集群、高并发、高负载、高可用系统开发经验优先。职能类别：PHP开发工程师软件工程师关键字：php软件开发php开发软件工程师程序员开发工程师php工程师微信分享
PHP开发工程师,深圳市爱腾途科技有限公司,1-1.5万/月,深圳-宝安区,大专,1年经验,07-05发布,招1人,西乡街道固戍地铁站固戍二路下围园工业区9号七星创意工场A座505（1号线固戍站F出口）,民营公司,少于50人,"互联网/电子商务,贸易/进出口",岗位职责：1.基于php语言的初中级开发工程师，根据公司业务发展方向，自研开发系统；2.负责项目需求理解、技术文档和代码编写；严格按照项目进度要求进行程序开发，保证程序开发质量；3.对所编写的程序进行严格的综合测试，进行软件故障的诊断、定位、分析和调试，保证系统稳定性；4.对待项目具有强烈的责任心；岗位要求：1.计算机相关专业，本科及以上学历；2.熟练使用PHP，1年以上开发经验，熟悉laravel等主流框架；3.熟悉vue，elementUI，ecchart等前端技术；4.跨境电商相关行业，有过亚马逊接口对接经验（硬性要求）；5.熟悉Mysql，了解索引原理，有一定优化sql查询的能力；6.有python，selenium，django开发经验、前端技术扎实的面试者优先录用。7.较强的学习能力、良好的沟通能力和良好的团队合作意识；福利待遇：薪酬福利：1.晋升岗位：PHP高级工程师；2.公司为员工提供有高于平均水平的薪酬，关键人才执行职业合伙人激励政策；根据工作 业绩和公司效益，每年均有调薪机会，年底设年终奖，年终分红；3.基本福利：购买社保五险，公积金，年终奖、节日福利、年度旅游、快乐大会、下午茶、不定期的聚餐聚会；4.带薪假期：享受国家规定的所有公共假期及年休假、带薪年假、带薪婚假、产假、病假、丧假等人文关怀制度；5.交通便利，高级写字楼办公，环境舒适。职能类别：PHP开发工程师关键字：erp跨境电商erpphpSQLPythonMySQLLaravel微信分享
PHP(J10709),快助（天津）科技有限公司,6-8千/月,天津-和平区,大专,,07-05发布,招1人,滨江商厦,民营公司,50-150人,专业服务(咨询、人力资源、财会),工作职责:1 负责真人陪练市场获客相关维护开发2 对接第三方广告商接入3 把控项目进度任职资格:1、有责任心2、具有良好的沟通能力和学习能力3、有独立解决问题的能力4、有良好的编程基础5、至少有半年以上的PHP开发经验6、对公司产品有认同感的优先职能类别：PHP开发工程师微信分享
PHP研发工程师,零氪信息技术（北京）有限公司,,天津,本科,,07-05发布,招若干人,,民营公司,,多元化业务集团公司,岗位职责：负责公司业务产品的研发，为用户提供优质的医疗服务和极致的体验负责业务架构设计及技术方案、高质量编码开发、系统优化及维护技术文档负责技术调研、引入等前瞻性、创新性项目岗位要求：本科及以上学历，计算机专业优先扎实的计算机技术基础，在常见的数据结构和算法具备深厚功底，掌握网络、操作系统等相关知识熟悉至少一种编程语言框架，包括但不限于Laravel、Swoole、Springboot等热爱IT技术，热爱使用互联网技术解决传统行业问题，对业务、产品充满好奇积极乐观，强大的自驱力，强烈的求知欲，优秀的学习及沟通协作能力精通至少一门编程语言，包括但不限于PHP、JAVA、Python、Go等，PHP优先熟悉js、typescript、css等前端技术，有前端框架使用经验，例如vue、angular、react、bootstrap等优先有自己的技术博客、开源项目，参与过开源项目者加分职能类别：PHP开发工程师微信分享
PHP开发工程师,深圳市恒顺合鑫科技有限公司,0.8-1.5万/月,深圳-宝安区,本科,3-4年经验,07-05发布,招3人,深圳市宝安区新安街道兴东社区67区中粮创智厂区3栋1003A,民营公司,50-150人,"计算机服务(系统、数据服务、维修),电子技术/半导体/集成电路",岗位职责：负责PHP相关系统的技术开发和维护工作；系统应用和功能模块的设计与程序开发；根据项目开发进度和任务分配，开发相应的应用模块；进行系统数据库的设计、管理、开发和优化；负责PHP系统的环境部署、迭代升级、系统维护和技术支持。任职资格：全日制本科以上学历，计算机等相关专业，2年及以上PHP开发工作经验；熟悉linux，了解常用命令及工具，熟练掌握MySQL和常见NoSQL数据库，熟悉常用前后端缓存技术，有丰富的数据库优化经验，较强的后端架构能力；熟练掌握tp或laravel等php框架中的一个或多个，了解并熟悉其底层原理，有在框架基础上进行二次开发或对框架进行优化的经验；有较强的团队协作精神、自信心、创造能力、逻辑分析能力，有出色的组织能力及协调能力，对研发流程有基本的实践，有过一定的项目、团队管理经验；有较强的责任感，学习能力强，有创造性思维能力和表达能力，充满激情。上班地点：深圳职能类别：PHP开发工程师软件工程师关键字：php软件开发php开发php工程师微信分享
PHP开发工程师,上海乐虞网络技术有限公司,1-1.5万/月,上海-长宁区,大专,2年经验,07-05发布,招若干人,仙霞路345号东方世纪大厦2208室,外资（非欧美）,50-150人,互联网/电子商务,1:掌握典型web应用架构(nginx+mysql+linux)的基本原理，同时具有相关工作经验;2:掌握基本的前端知识，具有相关工作经验;且至少了解或使用过一种主流前端框架;3:具备web应用性能分析及优化的工作经历;任职要求：1.熟练掌握LAMP/LNMP框架开发技能，熟悉常见Web开发框架、ERP等系统开发、商城开发者优先2.熟悉PHP实现和工作原理3.熟练掌握MySQL数据库开发和应用，具备数据库性能优化经验4.熟悉JavaScript、HTML、CSS等Web开发技能，熟悉流行JavaScript框架5.熟悉Linux操作系统和Shell脚本编程6.熟悉nodejs/vuejs者优先7.熟悉nginx/linux者优先8.具有较强的学习能力和抗压能力职能类别：PHP开发工程师关键字：软件开发php开发php软件工程师微信分享
PHP开发工程师,广州美啊网络技术有限公司,10-15万/年,广州-花都区,大专,2年经验,07-05发布,招1人,永发大道16号雅居乐锦城汇通广场,民营公司,少于50人,互联网/电子商务,"工作职责：1、能独立负责PHP开发，APP后端api、网站，负责公司产品的技术研发和实现；3、与其他部门技术对接，完成系统联调工作；3、改进增强现有产品的性能与功能。任职要求：1、熟练掌握PHP开发，熟悉ThinkPHP，Laravel；2、计算机相关专业统招专科以上学历，2年以上LNMP开发工作经验；3、熟悉Linux，熟悉SQL，并了解常用的SQL优化技巧；4、熟悉JavaScript/Ajax/JQuery等相关技术，熟悉Vue,Boostrap优先；5、熟悉Memcached或Redis等NoSQL技术，有大规模系统设计和开发经验者优先；6、学习能力强，具备良好的问题分析和解决能力，对新技术有敏感性并愿意致力于新技术研究；职能类别：PHP开发工程师关键字：后端开发PHPPHP工程师微信分享"
PHP开发工程师,湖南津湘药业有限公司,6-8千/月,益阳,大专,2年经验,07-05发布,招2人,赫山区龙岭工业园迎宾东路,民营公司,500-1000人,制药/生物工程,"任职要求：①熟悉 Linux 操作系统，熟悉 Shell 脚本编程，熟练使用常用的Linux命令；②熟悉常用开发环境如Apache、Nginx、Memcache、Redis等的搭建、设置及调优;③至少熟悉一种 PHP 开源程序的二次开发（ecshop,phpcms v9,dedeCMS,shopEX,wordpress等），熟悉shopnc优先;④mysql数据库索引优化、查询优化和存储优化经验，掌握各种调优技巧;⑤有大型电商B2B、B2C开发经验，有高并发、高访问量网站开发经验者优先，2年以上PHP项目开发经验。岗位职责①负责网站功能模块的维护以及文档的整理；②负责网站运行的日常维护及功能的完善和二次开发；③负责APP接口开发，与项目负责人进行数据对接以及数据整合。④负责配合网站与ERP接口对接及日常运行的维护和问题处理职能类别：软件工程师微信分享"
PHP工程师,广州市我购科技有限公司,6-8千/月,广州-白云区,本科,3-4年经验,07-05发布,招若干人,广州市白云区鹤龙东路39号（黄边地铁D出口，嘉禾街鹤边五社工业聚集区，D6栋三楼经艺装饰同层）,民营公司,50-150人,"计算机软件,互联网/电子商务",1.按系统设计完成功能模块的编写；2.在规定时间内，按要求完成所分配的项目任务，包括：完成软件系统的开发、后台代码的实现；3.编写代码注释和开发文档；4.能独立分析、解决一定的问题；5.对自己完成的功能，进行功能测试，查出功能存在的缺陷并保证其质量；任职要求：1、团队合作：经常是Git或者SVN。能独立使用FTP；2、MySQL数据库的增删改查等常用操作；3、RestfulAPI设计、开发、测试、文档编写；4、可以阅读第三方文档，使用提供的SDK进行开发；有第三方接口成功经验优先；5、分析网站性能，提出有效的优化方案；6、熟悉常用的Nginx优化、MySQL优化中的一种；7、熟练使用TP各种版本，熟悉CMS框架结构体系。福利待遇:1、以80、90后为主的年轻活力的团队，上班氛围友好和谐。办公环境优美舒适，一天的美好工作从充满艺术审美品味的意境中开展；2、公司配置有健身房、阅读角、活动休闲区、吧台、茶艺空间、生态景观区…丰富多彩的功能配置让业余时间充满了情趣；3、入职后，依照工作性质、职务、工作年限等享有不同类型的福利计划；4、转正后，购买五险：养老保险、医疗保险、失业保险、工伤保险和生育保险；5、公司定期或不定期组织集体活动；6、每周下午茶。备注：打开微信小程序搜索“经艺装饰”，或在各大应用商城下载“经艺装饰”APP，关注成功者，面试优先，请把简历砸过来吧！！！职能类别：软件工程师关键字：PHPPHP高级PHP开发PHP主管微信分享
PHP中级开发工程师,深圳市光显电子商务有限公司,0.8-1.5万/月,深圳-宝安区,大专,1年经验,07-05发布,招2人,共和工业路8号明月花都F座B302室,民营公司,少于50人,"互联网/电子商务,贸易/进出口","岗位职责描述：1）  按照的需求，参与公司跨境电商网站的开发工作，含OMS、WMS和TMS；2）  负责H5站点的的服务端的需求分析和开发；3）  负责系统代码的编写，功能单元的测试和日常系统bug及时处理；4）  负责公司电商网站的日常运维工作；任职条件：1）  大专以上学历，具有2年以上电商网站的PHP开发和运维工作经验；2）  熟悉MVC系统框架，如Laravel,Yii至少熟练使用一种；3）  具有开发分布式架构的代码开发能力；4）  具有良好的沟通协调与交流能力;5）  具有积极的工作态度和工作热情，学习能力强。6）  有出口跨境电商企业工作经验优先；我们提供的：1、良好的办公环境；2、年轻化团队、融洽的办公室氛围；3、快速的成长平台；4、广阔的晋升空间；工作时间：大小周制，9：00-12：00；13：30-18：30联系电话：0755-27787346简历投递邮箱：wanghuan@kingdomskymall.com工作地址：深圳宝安西乡共和工业路8号明月花都F座B302室职能类别：软件工程师微信分享"
PHP开发工程师,钰真（上海）信息技术有限公司,1-1.8万/月,上海-浦东新区,本科,3-4年经验,07-05发布,招4人,上海市浦东新区新金桥路1599号（东方万国企业中心）B1栋3楼,民营公司,500-1000人,"互联网/电子商务,服装/纺织/皮革","1、负责公司B2C电商网站的持续系统开发、测试和发布，以及维护等工作；2、参与技术支持：电子商务系统后台设计与优化、其他应用网站系统的开发与优化、用户数据分析和应用以及其他相关平台系统管理；3、负责网站的系统稳定运作，保持连续性运转以及为了达成该目的提出信息化建议和立项建议；4、负责网站的功能和结构进行迭代和优化工作，协同工程师和设计人员持续提升用户交互率；5、负责网站的部分搜索引擎优化工作；6、负责撰写相关技术文档。岗位要求：1．本科及以上学历，计算机相关专业，2年及以上php大中型网站开发经验；2．精通PHP/javascript/ajax/div/css/json等技术，精通Apache/Nginx等常用WEB服务器的配置；3．熟练使用MySQL数据库,熟悉MySQL索引优化、查询优化，熟悉缓存机制(Redis、Memcached等至少了解其中一种)；4．具有良好的沟通能力和逻辑思维能力，能准确领悟上级和各部门的需求；5．具备良好的代码编程习惯,要求结构清晰，命名规范，逻辑性强，代码冗余率低；6．富有团队精神、责任感及优良的职业道德；7．精通Ecshop深度二次开发者，有使用sphinx等全文搜索引擎经验者，优先考虑。薪资福利待遇：1、绩效奖金+年终奖金+五险一金+假日福利+节日福利+带薪年假+加班补贴+值班补贴；2、周末双休，弹性上班，法定节假日正常休息；3、公司提供不定期旅游，福利优厚。职能类别：软件工程师关键字：PHPECSHOP网站后端开发微信分享"
PHP程序员,广州中科美医疗美容医院有限公司,0.6-1万/月,广州-越秀区,,2年经验,07-05发布,招1人,越秀区东风东路854号锦绣大厦旁,民营公司,150-500人,医疗/护理/卫生,岗位职责：1、负责官网系统后台系统的设计、开发、测试、维护及持续优化；2、负责医院宏脉系统管理及公司网络管理。任职资格:1、计算机相关专业，2年以上PHP网站开发或APP服务端接口开发经验；2、精通PHP及web的开发和应用，熟悉Nginx/Tomcat服务器及Linux开发环境；3、熟悉宏脉系统日常使用；4、风格严谨，自学习能力强，能够独立分析问题并解决问题。职能类别：数据库工程师(DBA)软件工程师关键字：程序员PHP网站开发微信分享
PHP开发工程师,浙江墨翟工业设计股份有限公司,0.7-1.2万/月,台州,大专,3-4年经验,07-05发布,招2人,黄岩区东城街道王西路41号台州黄岩模塑工业设计基地9号楼,民营公司,150-500人,"家居/室内设计/装潢,互联网/电子商务",岗位职责：1.根据项目需求，负责应用项目的开发，调试及后期维护；2.负责现有项目日常更新和技术维护；3.新技术调查和学习，持续改进和优化产品；任职条件：1.两年及以上相关开发经验，有大型网站开发经验者优先；2.熟悉PHP开发，有一定的构架能力和良好代码规范，熟悉至少一种PHP框架；3.熟练使用MySQL数据库，有大数据查询优化，高并发系统开发经验者优先；有python等开发经验优先；4.熟悉Linux系统者优先；5.有较强的自学能力和独立工作能力，善于与人沟通，有较强的责任心和团队合作精神。职能类别：软件工程师关键字：PHPMySQLpython微信分享
PHP开发工程师,陕西航天信息有限公司,0.6-1万/月,西安,本科,3-4年经验,07-05发布,招1人,高新区高新路61号,上市公司,150-500人,"计算机服务(系统、数据服务、维修),计算机软件",1、根据产品和运营需求，进行系统分析、设计、开发；2、处理日常发现的问题，配合各部门需求完成系统流程优化工作；3、与团队其他角色紧密配合工作，共同创造稳定易用的产品；4、功能类别：PHP开发工程师任职资格：1、三年以上PHP开发经验，扎实的PHP开发基础；2、两年以上JAVA开发经验，熟练使用Spring Boot 等框架；3、熟练使用MySQL，具有较好的数据库设计能力；4、熟悉EcShop 商城系统，对商城业务有较深了解；5、熟悉H5/微信小程序开发，了解及公众号开发机制；6、熟练运营svn/git 进行版本控制；7、熟悉linux 常用操作命令。职能类别：PHP开发工程师微信分享
php高级开发工程师（管理方向）,创颖峻网络科技（深圳）有限公司,1-1.6万/月,广州,大专,3-4年经验,07-05发布,招2人,天河区中泰国际广场B座19楼,外资（非欧美）,500-1000人,"互联网/电子商务,贸易/进出口",【岗位职责】1、负责公司内部系统、网站的开发与维护，确保所负责的系统稳定运行；2、编写需求文档、概要设计文档，参与需求分析、系统设计以及核心代码的编写；3、对业务快速理解，并且能够逐渐提出更佳的业务建议，可以与业务部门一同探讨业务发展；4、处理日常发现的问题，根据各部门需求，配合完成系统流程优化工作；5、带领初级工程师完成项目，进行任务安排、编码实现。【学历专业】本科及以上学历，计算机相关专业优先（大专优异者可考虑）；【相关经验】三年以上扎实的软件开发经验，独立负责过模块级以上的需求采集、设计、开发和维护，有一定需求分析、概要设计的经验；有ERP开发经验者、项目管理经验者优先。注：仓库项目组——有ERP、WMS(仓储系统)、LMS(物流系统)开发经验者、项目管理经验者优先。【技能要求】1、熟悉php开发语言；2、熟悉mysql数据库，了解mongodb数据库优先，熟悉 linux 操作系统环境；3、熟练运用HTML、JavaScript、ajax、css、Jquery等Web相关技术，熟悉AngularJS、Node.JS者优先；4、有良好的代码编写习惯，手写代码能力强，具有良好的面向对象分析与设计能力。【综合能力】1、逻辑思维清晰，语言表达清楚，做事有条理，具备较强的分析问题和解决问题的能力，学习能力强；2、能够独立完成系统分析、设计和开发工作，能解决技术难点；3、工作认真、责任心强，够细心、有耐心，踏实肯干，愿意接受新事物，适应力强，主动了解业务逻辑。其他说明：【公司行业】跨境电商【开发项目】企业内部用于支撑跨境电商业务的系统。（非外包项目，非劳务派遣）【晋升机制】开发工程师——中级开发工程师——高级开发工程师/开发组长（项目管理）——资深技术工程师/业务系统分析经理（BTSM）【试用期】3-6个月（期间若提前适岗通过考察，可提前转正）【工作时间】周一到周五，9:00~18:30，午休1.5小时【主要福利】甲级CBD办公环境，周末双休，购买五险一金，出差补充商业保险，节日福利，年终奖，每月员工活动，季度生日会等等。职能类别：高级软件工程师关键字：php高级工程师微信分享
PHP高级开发工程师,陕西巧工信息科技有限公司,6-8千/月,西安-雁塔区,本科,5-7年经验,07-05发布,招1人,昆明路330号未来中心A座2018室,创业公司,少于50人,计算机软件,"岗位职责：1、负责Web端系统开发和维护2、负责优化Web端系统客户体验及性能优化3、负责系统相关文档编写任职要求：1、3年以上PHP开发经验，本科计算机相关专业统招毕业2、精通PHP语言，熟练应用Yii2,Phalcon,Laravel,CI 至少2种框架。3、熟练应用MySQL，MongoDB等数据库；Memcache，Redis等缓存4、熟练编写Html，JS，Css前端代码。后台管理系统界面有一定的自我见解者优先5、熟悉ActiveMQ，RabbitMQ、Kafka等至少一种MQ技术，具备实际项目者优先6、熟练操作Linux系统，具备环境搭建能力职能类别：软件工程师关键字：PHP微信分享"
PHP高级开发工程师,东莞市蝙蝠信息科技有限公司,1-1.5万/月,东莞-长安镇,,3-4年经验,07-05发布,招1人,沙头金兰商务大厦,民营公司,少于50人,计算机软件,"1、熟练掌握Javascript、jquery、HTML5、CSS3等基础技术，有vue等框架开发经验；2、使用过ThinkPHP（tp5、tp6），Laravel等框架,了解redis，swool，workerman,javascript,linux等基础知识；3、有开发过集成支付系统优先；4、可在Linux环境下进行开发；职能类别：PHP开发工程师关键字：PHP微信分享"
PHP开发工程师,上海知汇云信息技术股份有限公司,0.9-1.2万/月,宁波-海曙区,大专,3-4年经验,07-05发布,招1人,中山西路1266号阳光豪生大酒店B座2212室,民营公司,50-150人,"计算机软件,教育/培训/院校",岗位职责:1、负责PHP程序模块的设计、开发；2、熟悉thinkPHP，根据需求，完成程序的独立设计及代码编写。3、高效完成被分派的任务，保证团队工作的顺利进行。任职要求:1、大专及以上学历，计算机相关专业，2年以上PHP开发工作经验必备；2、精通PHPMySQL编程，熟悉JavaScript、JQuery、HTML、CSS、XML，Smarty等模板引擎；3、熟悉web服务器的部署与配置Apachenginx，精通Web服务器优化；4、熟练掌握数据库MySQL精通数据库优化技术；5、熟悉svn和git等版本控制工具6、自学能力强，能独立解决问题；7、有良好的团队协作和沟通能力，做事积极主职能类别：PHP开发工程师软件工程师关键字：php软件开发php开发软件工程师程序员微信分享
PHP开发助理工程师,深圳前海沃尔科技有限公司,6-8千/月,深圳-宝安区,大专,2年经验,07-05发布,招若干人,东联大厦A座A406,民营公司,50-150人,互联网/电子商务,1.负责公司自营电商平台基础功能、营销、物流、支付、第三方平台对接等功能设计和开发2.负责根据需求完成模块设计、开发及维护工作；3.负责解决项目中的技术难题。4.负责公司自营电商平台开发、性能优化、安全加固等相关工作；5.钻研技术和创新交互，增强用户体验、开拓能力边界。任职描述：1.大专及以上学历，两年以上，计算机相关专业优先；2.两年以上php跨境电商项目实战经验，有良好的代码编程规范，了解面向对象开发思想；3.了解MYSQL及SQL语言、编程，了解NoSQL及相关应用场景；4.熟悉并在实战中使用过PHP常见开发框架，使用过magento、opencart、PrestaShop框架优先；5.熟悉前端网页开发，熟悉VueJs者优先；6.了解各种国际支付API，有过Paypal支付API开发优先；7.熟悉使用git、svn版本管理工具，用过git版本管理工具优先；8.较强的沟通协调能力，具有团队合作精神並敢于承担责任，独立或合作解决技术难题。职能类别：PHP开发工程师关键字：php开发prestashop跨境电商商城magentoopencart微信分享
PHP开发工程师,江苏为商云服企业管理股份有限公司,6-8千/月,南京-建邺区,本科,1年经验,07-05发布,招1人,建邺区丰安路300号君泰国际E4栋3楼,民营公司,50-150人,"互联网/电子商务,专业服务(咨询、人力资源、财会)","我们在寻找PHP攻城狮队友合作攻城！你将负责PHP编码与优化。你应该：● 精通PHP，至少熟练掌握CodeIgniter, Yii, Zend, Lavarel中的一种；● 熟悉LAMP/WAMP环境的配置与维护；工作地址南京市建邺区丰安路300号君泰国际E4栋3楼职能类别：软件工程师微信分享"
PHP开发工程师,深圳市秦通科技有限公司东莞分公司,0.8-1万/月,东莞-寮步镇,大专,3-4年经验,07-05发布,招1人,仁居路松湖智谷A3栋,民营公司,少于50人,"贸易/进出口,通信/电信/网络设备",岗位职责：1、负责ERP系统前端后端的开发；2、负责系统相关接口的开发；3、解决开发过程中遇到的难题；4、具有EXTJS开发中型以上项目的更佳。任职要求：1、全日制计算机专业大专以上学历；2、三年以上PHP开发经验，精通流行的php开发框架；3、具备良好的逻辑思维，扎实的数据结构及算法基础；4、精通mysql数据库，具有Mysql索引优化、查询优化、存储优化能力，掌握lamp/lnmp环境部署调优，有高并发高流量架构经验；5、熟悉javascript、HTML语法，熟悉CSS；6、熟悉ExtJS框架，对ExtJS组件开发有一定经验；7、对技术有浓厚的兴趣，乐于创新，善于钻研；8、有良好的交流沟通、团队合作与协调能力，责任心强，学习能力强；9、有移动端项目经验者优先。职能类别：PHP开发工程师Web前端开发关键字：phpphp开发php工程师微信分享
PHP网站建设程序员,自考之家科技（深圳）有限公司,4.5-6千/月,深圳,本科,1年经验,07-05发布,招2人,深圳市宝安区西乡街道西乡大道银星商务酒店12A自考之家科技,民营公司,50-150人,教育/培训/院校,"能要求：HTML/CSS，PHP1、负责企业网站（php）的建站需求，网站改版和windows/linux服务器维护。2、配合策划，设计，前端，能很好的，高效的完成任务。3、配合其他职能完成PC、手机站点的功能二次开发及维护（PHP）网站安全性；4、配置并处理前端网站的代码安全、缓存与存储优化问题。任职资格：1、熟练掌握js,jquery,div+css,php,mysql基础知识,熟练掌握DIV+CSS布局。2、熟悉html5+css3和移动端开发的优先。3、熟练掌握linux服务器常用命令的优先。会linux服务器lnmp或lamp的优先。4、熟悉SEO优化的优先考虑。5、有DEDE经验者将直接优先录用。6、有良好的语言表达及沟通能力、团队合作精神，以及对工作强烈的责任心。具有不耻下问的精神。职能类别：PHP开发工程师关键字：php开发微信分享"
PHP开发工程师,上海美锴信息技术有限公司,1-1.5万/月,上海,本科,1年经验,07-05发布,招1人,徐汇区吴中路8号锦辉大厦20层,合资,150-500人,互联网/电子商务,"职位概述：负责公司系统、网站和内部工具的开发和维护工作。工作职责：1. 负责公司系统、网站和内部工具的研发和优化工作；2. 负责维护爬虫的优化和维护, 以及相关的数据分析3. 完成上级领导交办的其他工作任职要求：1. 1年及以上互联网（PHP、MySQL）相关开发经验2. 了解Linux系统并可在linux环境下调试开发3. 了解正则表达式4．精通MySql和JavaScript5. 本科及以上学历，计算机相关专业。6. 大学英语四级以上或相当水平，良好的英语读写能力者优先；7．较强的执行力和学习能力，较强的逻辑分析能力和沟通表达能力；良好的职业素养和职业操守，能承受一定的工作压力。职能类别：PHP开发工程师关键字：php开发软件工程师php软件开发微信分享"
需求：PHP程序员,广州新次方文化科技有限公司,0.7-1万/月,广州-花都区,大专,2年经验,07-05发布,招1人,雅瑶镇镜湖大道云峰商务大厦406室,民营公司,少于50人,"批发/零售,计算机软件",岗位职责：1. 负责API接口、小程序后台、前端以及相关后台管理系统的设计开发；2. 负责技术难点的预研及难点技术问题的解决，能理解业务并针对产品提出积极改进措施；3. 软件维护，保持系统可用性和稳定性；任职要求：1. 两年以上PHP项目开发经验，熟识主流PHP框架(ThinkPHP或Laravel)；2. 熟悉mysql，有实际使用和优化经验，对redis和memcached有一定了解；3. 掌握相关Web技术和http协议，熟悉xAja/JavaScripit/CSS/HTML5和常见的WEB安全风险4. 熟悉使用Jquery、Bootstrap、Vue.js等js框架；5. 有微信公众号/小程序后台及前端开发经验的优先；6.7. 拥有良好的代码编写习惯，结构清晰，命名规范，逻辑性强，代码冗余率低，有撰写详细的编码注释的习惯。福利待遇：上班时间9:00~18:00，午休2个小时，可以好好休息一下公司有内部食堂，免费提供午餐晚餐，帮你省下一大笔外卖钱！！零食咖啡24小时等待你的光临！入职交社保，不用等试用期，税后工资8000~10000，看能力说话！！职能类别：PHP开发工程师软件工程师关键字：php软件开发php开发软件工程师程序员开发工程师php工程师微信分享
PHP开发工程师,成都宜泊信息科技有限公司,0.8-1万/月,成都-高新区,本科,2年经验,07-05发布,招1人,天府大道801号天府软件园B区3栋,民营公司,50-150人,计算机软件,岗位职责：1.完成软件系统设计，接口设计，编写设计文档；2.根据设计文档或需求说明完成代码编写，调试，测试和维护；3.售后问题跟踪解决；4.负责解决线上环境出现的问题并提出稳定性解决方案；5.参与需求评审，提出需求变更建议；任职资格：1. 熟悉网络基础知识；2. 掌握PHP、H5、Javascript；至少熟悉一种PHP的MVC框架；3. 熟悉MySql数据库，会进行性能分析；4. 熟悉Linux操作、nginx、Web部署；5. 熟悉面向对象开发、设计模式；6. 熟悉git版本管理；7. 熟悉LINUX和WINDOWS操作系统和Apache、NGINX容器配置和优化福利待遇：双休年假+员工活动（生日会、圆桌会）+节日福利+全勤奖职能类别：PHP开发工程师关键字：phpphp开发php工程师软件开发微信分享
php主程,肥猪宝（深圳）科技信息有限公司,2-3万/月,深圳-福田区,本科,5-7年经验,07-05发布,招1人,京基滨河时代广场A座6501,民营公司,少于50人,计算机软件,职位描述：1、独立负责完成系统架构设，2、独立完成核心程序开发及优化，能独立解决系统出现问题;3、系统上线部署与运维，服务器部署与运维任职要求:1、本科以上学历，有5-7年以上PHP工作开发经验;2、负责平台区产品钱包模块开发，针对平台进行代码编写、脚本迭代;3、（熟练使用MYSQL数据库开发、熟悉Redis缓存技术、熟悉使用LNMP环境搭建、调试、部署等;4、熟练使用MVC框架下的开发或至少熟练使用一种框架，熟练memcached、redis、MongoDB的优化;5、可阅读第三方文档，独立使用第三方SDK进行开发，熟悉wed缓存技术，并有成功上线运营项目；6、精通PHP，设计模式，对php原理，优化有一定理解并对性能有一定分析和解决能力；7、具有良好的代码习惯，熟练掌握一种PHP开发框架；8.、精通数据库设计，熟练掌握SQL使用及常用优化方案，对Mysql、Mongodb等数据库有一定理解；9.、能独立完成基础系统的架构，满足公司业务需求；10.、熟悉Linux相关操作，有分布式、集群、高并发、高负载系统开发经验;11、不能完全胜任独立开发项目所有功能者请勿投简历职能类别：高级软件工程师PHP开发工程师微信分享
高级架构师（项目管理+PHP开发经验）,深圳市冉莱科技有限公司,1.5-3万/月,深圳-龙岗区,大专,8-9年经验,07-05发布,招2人,龙岗中心城南联地铁站B出口,民营公司,少于50人,"计算机软件,网络游戏","Hi，我们是一家实在的创业公司，希望能找个‘实在人’既带过团队在php技术上也很牛X的伙伴（既能管理又能干活），待遇可根据能力面谈~我们期望一起做这样的事业：1. 负责公司产品研发，参与系统整套架构；2.负责公司产品的后端PHP技术开发；3.负责公司产品：需求分析，系统设计，项目计划，项目跟踪，风险防范等，4.负责区块链交易所的接口对接；我们期待这样的你：1、对区块链行业熟悉，具备区块链研发技术经验；2、10年以上工作经验，其中3年以上带团队的管理经验；3、精通开发，基于PHP开源框架（Laravel,Lumen,ThinkPHP等）的开发，缓存技术（Redis，Memcached）、数据库的设计与优化（mysql,mongodb）、消息队列（rabbitmq）；技术实际应用项目经验；4、对项目管理、自动部署等工具有深入的使用和研究；5、熟悉大流量、高并发、高性能的分布式系统的设计及应用，熟悉安全机制及性能调优；6、善于思考，思路清晰，能独立分析和解决问题；7、具有良好的沟通合作技巧、较强的责任心，能承受较大的工作压力；职能类别：PHP开发工程师区块链开发关键字：php开发技术团队leader微信分享"
PHP开发工程师（实习生）,广东天耘科技有限公司,3-5千/月,中山,本科,,07-05发布,招2人,中山市石歧区兴中道6号假日广场南塔615,民营公司,50-150人,"计算机服务(系统、数据服务、维修),通信/电信运营、增值服务",1.精通PHP语言，熟悉api接口开发。2.熟练掌握ThinkPHP5框架。3.熟悉常用环境搭建，如：LAMP、LNMP。4.熟悉PHP7+MySql+Redis开发。5.熟悉linux操作。任职资格：1、本科以上学历，计算机等相关专业，欢迎优秀应届毕业生；2、研究方向是虚拟化和云计算，做过相关的项目优先；3、做过OpenStack相关研究或开发优先。薪酬福利：1.公司为员工提供舒适的工作环境，2.试用期购买五险一金；3.工作时间：9:00-12:30，14:00-18:00，周末双休；完善的假期组合：国家法定节假期、带薪年假。4.丰富多彩的员工活动：提供团队经费、不定期员工聚餐、旅游活动、月度生日会；5.考核机制：明确的工作目标和完善的考核机制，奖励认可和指导改进并行；职能类别：PHP开发工程师关键字：phpphp开发php工程师后端开发微信分享
PHP开发工程师&python,北京西骏数据科技股份有限公司,1-1.5万/月,北京-海淀区,本科,3-4年经验,07-05发布,招10人,北京市海淀区西小口路66号东升科技园,民营公司,少于50人,"计算机软件,计算机服务(系统、数据服务、维修)",1. 软件开发方向： 基于PHP的web后端应用程序开发；2. 软件编码开发： 按照企业规范进行程序编码及界面开发；3. 产品质量控制： 配合产品需求及界面美工设计实现产品功能模块开发，高质量完成程序代码，并进行严格的内部测试；4.软件产品化：协助实现软件的产品化，包括编写功能介绍、通用API接口、自动化安装配置升级、图形界面优化等。5.熟悉django，6.熟悉wsgi，能够搭建python web的运行环境7.熟练使用django操作数据库，操作消息队列8.能够使用python进行http接口调用者和提供者的开发，9.熟悉postgresql和mongodb10.2年以上python web工作经验，使用python web开发项目并落地使用任职资格1.至少3年以上PHP后台项目开发经验项目开发经验。2.熟练掌握PHP，熟悉面向对象的软件设计方法； 熟悉MVC三层架构的开发；3.熟练掌握一到两种PHP框架，熟悉yii2框架优先；4.熟悉mysql，具备mysql优化经验。有mysql分区、分表、集群等相关设计方案经验者优先；5.熟悉memcache、redis、mongodb等常用nosql解决方案，了解各自的优缺点以及使用场景；6.熟悉web开发中各类缓存设计、站点优化方案；7.良好的代码习惯，结构清晰、命名规范、逻辑性强、代码冗余率低；8.有快速学习能力，善于抽象、总结、思考，对技术有执着追求者优先考虑。职能类别：Python开发工程师PHP开发工程师关键字：pythonphp开发微信分享
PHP开发工程师,广东天耘科技有限公司,6-8千/月,中山-石岐区,本科,,07-05发布,招2人,兴中道6号假日广场南塔6楼,合资,50-150人,"计算机服务(系统、数据服务、维修),互联网/电子商务",岗位职责：1、负责基于云平台的API对接和二次功能开发。2、对服务器集群进行监控和维护。3、交付数据接口（如json格式）给前端，协助开发portal平台。4、完成上级分配的工作任务。岗位要求：1.全日制本科实习上或应届毕业生优先考虑，精通PHP语言，熟悉api接口开发。2.熟练掌握ThinkPHP5框架。3.熟悉常用环境搭建，如：LAMP、LNMP。4.熟悉PHP7+MySql+Redis开发。5.熟悉linux操作。薪酬福利：1.公司为员工提供舒适的工作环境，2.公司为员工购买社保公积金；3.工作时间：9:30-12:30，14:00-18:00，周末双休；完善的假期组合：国家法定节假期、带薪年假。4.丰富多彩的员工活动：提供团队经费、不定期员工聚餐、旅游活动；5.多元化培训课程：带薪岗前业务培训、定期的内部分享交流会，培养个人及团队专业知识，在工作中不断学习成长；6.良好晋升机会：技术部售前技术支持、技术实施、售后技术支持；7.考核机制：明确的工作目标和完善的考核机制，奖励认可和指导改进并行；职能类别：PHP开发工程师软件工程师关键字：php软件开发php开发软件工程师后端开发微信分享
PHP开发工程师（双休+五险一金）,宁波夏远知识产权运营有限公司,20-30万/年,宁波,本科,3-4年经验,07-05发布,招1人,高新区研发园,民营公司,50-150人,"学术/科研,法律",1、负责PHP相关产品模块开发工作；2、按照平台的功能需求，对原有的系统进行相应的优化升级更新和开发相应的功能；3、根据公司发展计划，按需完成其他的开发任务；4、与团队其他角色紧密配合，共同完成开发任务，保证平台正常运行。任职要求：1、本科以上学历，计算机相关专业，3年以上PHP开发工作经验必备；2、精通PHPMySQL编程，熟悉JavaScript、JQuery、HTML、CSS、XML，Smarty等模板引擎；3、熟练掌握数据库MySQL精通数据库优化技术；4、自学能力强，能独立解决问题；5、有良好的团队协作和沟通能力，做事积极主。职能类别：PHP开发工程师高级软件工程师关键字：php软件开发php开发软件工程师程序员开发工程师php工程师微信分享
PHP开发工程师,华荣科技股份有限公司,0.7-1.2万/月,上海-嘉定区,大专,2年经验,07-05发布,招1人,上海市嘉定区宝钱公路555号,民营公司,1000-5000人,"机械/设备/重工,贸易/进出口",岗位职责：1、精通PHP编程，了解PHP基本运行原理。2、熟练部署PHP运行环境，包括Windows/Linux3、精通T-SQL的编写，熟悉sql Server的使用与一般维护4、熟悉后端开发、单页应用开发优先岗位要求：1、大专及以上学历，计算机等相关专业2、2年或以上软件开发经验3、明年4月左右公司会搬迁至浙江南浔，不能接受请勿投递。职能类别：PHP开发工程师高级软件工程师关键字：PHPphp开发后端开发微信分享
PHP开发工程师,上海抱家信息科技有限公司,0.8-1万/月,上海-黄浦区,大专,2年经验,07-05发布,招1人,上海市黄浦区西藏南路228号（永银大厦）,民营公司,50-150人,"酒店/旅游,物业管理/商业中心",岗位职责：1、负责APP服务端接口的开发与维护。2、负责公司其他WEB平台的开发与维护。3、负责公司项目程序设计、数据管理、bug处理及系统性能优化。任职要求：1、2年以上web开发经验。2、熟悉 HTML5、CSS3、Bootstrap 有前端页面编写能力优先。3、精通PHP语言、熟悉JS语言；理解http协议、缓存等技术。4、熟悉 Laravel 框架。5、熟悉MySQL数据库，具备良好数据模型设计及SQL优化的能力。6、熟悉Shell脚本的编写，熟悉常见Linux发行版本，熟悉常见WEB服务的安装、部署、维护，如Nginx、Apache、MySQL、PHP等。7、有一定技术故障分析能力；对技术充满热爱之情，具有良好的代码编写规范。职能类别：PHP开发工程师关键字：PHP后端开发微信分享
php后端开发工程师,杭州炫乐文化创意有限公司,4-8千/月,杭州-江干区,本科,,07-05发布,招2人,江干区东站西子国际B座813室,民营公司,50-150人,计算机软件,"岗位职责1、参与公司信息化管理平台架构设计、评审、实现，以及接口服务开发；2、负责移动办公应用的接口服务开发；3、根据业务需求，开发和完善基础平台，为所有业务提供更好的底层平台支持；任职要求：1.19或20年优秀应届生，全日制本科及以上学历，计算机、软件工程、信息管理、计算机应用等相关专业；2.熟悉PHP，熟悉linux开发环境.熟悉异步开发场景;至少熟悉一种现有主流的框架,如phalcon,Thinkphp；3.掌握MySQL数据库各种基础操作以及事务、索引等基本原理；4.较强的沟通能力、独立解决问题的能力、文档编写能力和高度的责任感；5.具有良好的计算机理论基础，了解各种网络协议和通讯机制，熟悉Linux/Unix操作系统，了解常用的数据结构、算法,熟悉常用的互联网技术，包括但不限于MySQL、NoSQL、RPC、MQ、缓存技术、微服务架构等。职能类别：PHP开发工程师关键字：php软件开发phalconsymfony微信分享"
PHP研发工程师,北京伯乐华擎信息技术有限公司,3-4万/月,北京-海淀区,本科,3-4年经验,07-05发布,招1人,时代网络大厦,民营公司,少于50人,中介服务,岗位职责：1、负责业务线产品开发与维护；2、保证系统的高可用和高稳定性；3、优化系统的架构、性能、安全性。任职要求：1、计算机相关专业，扎实的编码能力，熟悉LNMP架构；2、3年以上大型互联网系统开发经验，有过金融核心系统开发经验优先；3、熟练使用mysql、redis、mongodb、rabbitMQ等，深入理解至少其一；4、有大数据处理经验优先；5、良好的主动推进解决问题的能力；6、良好的团队合作。职能类别：PHP开发工程师微信分享
PHP开发工程师,武汉快玩科技有限公司,,武汉,本科,,07-05发布,招若干人,,政府机关,,政府/公共事业,本科，3年以上经验。负责服务器端研发工作，包括需求沟通、架构设计、核心技术研发等。月薪10--15K职能类别：其他微信分享
PHP开发工程师,彦旭科技（武汉）有限公司,1-1.5万/月,武汉,大专,,07-05发布,招2人,,政府机关,,政府/公共事业,工作职责：1、负责服务端架构设计和开发；2、负责产品功能的优化和重构；3、提供基础组件支撑开发任务；任职要求：1、五年以上服务端开发经验；2、良好的编程风格；3、熟悉PHP，熟悉Lavarel框架，了解Yii、Yaf、Phalcon，有PHP扩展开发经验优先；4、熟悉MySQL，掌握MySQL分区、分表、索引、集群架构，有亿级数据量优化经验优先；5、熟悉常用NoSQL解决方案，了解Memcache、Redis、MongoDB各自的优缺点以及使用场景；6、熟悉Web开发、Api开发中各类缓存设计、站点优化方案；7、有大流量、大数据量网站开发维护经验优先；8、善于抽象、总结、思考、不惧挑战，敢于创新，对技术有执着的追求；9、希望望技术管理或项目管理方向发展职能类别：PHP开发工程师微信分享
PHP网站开发/网站前后端交互,深圳市愉康网络科技有限公司,6-8千/月,深圳-宝安区,大专,2年经验,07-05发布,招1人,航城智慧安防科技园a栋4112,民营公司,少于50人,计算机服务(系统、数据服务、维修),【岗位职责】1. 根据公司的业务需求，进行项目网站建设，负责PHP网站后台的开发与维护，完成网站建设以及网站功能构建；2. 负责网站后端功能各级页面的制作、做好前端和后台数据对接和模版输出、后期的修改等工作；3. 配合美工完成客户网站页面制作、网站后台程序开发及网站整体策划等工作；【任职资格】1. 大专or以上学历，年龄20-28岁之间；2. 精通php开发语言，精通至少一种php的框架(ThinkPHP)，熟练使用thinkcmf、CMS等后台开发系统2、熟悉网站建设流程及构架，以及精通div＋css网页布局 ，jQuery、JavaScript，HTML、CSS语言等；3、有二次开发的能力；4、熟练使用 PHP+MYSQL 进行 WEB 前端开发，有PHP网站后台开发经验、熟悉PC和手机网站开发；5、有后台开发、微信开发，小程序开发经验者优先；◆薪酬：1. 无责底薪+高提成+高奖金+社保2. 有竞争力的薪酬待遇，并根据公司发展情况、生活水平或职级晋升等情况给予一定幅度的薪资调整，使员工与公司共同发展；◆福利：1、公司将按照国家规定为员工缴纳社保 ；2、员工可享受所有国家法定假日、年假、带薪假期；3、公司不定期组织员工聚餐以及外出旅游；4、公司提供节日福利、生日关怀等人文关爱；职能类别：PHP开发工程师关键字：php微信分享
实习PHP (职位编号：30),北京九识佳科技有限公司,6-8千/月,北京,本科,,07-05发布,招若干人,,民营公司,,互联网/电子商务,岗位职责：1、后台管理系统2、Html5活动页面后端部分岗位要求：1、有责任心2、具有良好的沟通能力和学习能力3、有独立解决问题的能力4、有良好的编程基础5、对公司产品有认同感的优先6、愿意学习PHP语言的优先职能类别：PHP开发工程师关键字：可转正PHP微信分享
PHP中级开发工程师,中科软科技股份有限公司,1-1.5万/月,深圳-龙岗区,大专,3-4年经验,07-05发布,招2人,雅宝路星河.领创天下（距离深圳北站约三公里）,上市公司,10000人以上,计算机软件,岗位职责：1、统招专科以上学历，学历必须学信网可查。否则无法办理入职2、精通php/javascript等web开发技术，精通LAMP架构下的开发，熟悉html/css；3、具有mysql等应用开发的经验，精通SQL调优和数据结构设计；4、熟悉linux系统，掌握shell/python脚本；5、有linux下编程经验者优先，熟悉一种PHP框架；6、具有责任心、抗压能力、良好的沟通技巧和团队合作精神。项目描述：1、项目主要涉及：星河房地产产业互联网生态产品圈，服务于星河智慧产业园区、智慧社区。2、善于与人沟通，良好的团队合作精神和高度的责任感，有创新精神，保证工作质量；3、项目工作形式为驻场开发，工作氛围好，环境好，4、工作地点：龙岗区坂田街道雅宝路1号星河world（深圳北站三公里）薪资福利：1.中科软成立于1996年，20多年企业历史，上市公司，周末双休，朝九晚六，五险一金；2.员工享餐补、健康体检、下午茶，过节物品等福利；3.享受法定假期，带薪年假.职能类别：PHP开发工程师关键字：phpcssSQLPythonShell五险一金带薪年假周末双休微信分享
PHP开发/PHP技术,广州安悦网络科技有限公司,1.5-2.5万/月,广州-天河区,本科,3-4年经验,07-05发布,招6人,大马路8号时代TIT广场A座305,民营公司,50-150人,"网络游戏,互联网/电子商务",岗位职责：1、必要的技术预研和攻关，并能够快速实现新业务系统的规划、设计和落地；2、指导和提升团队成员技术水平，能够独立带领小团队完成任务；3、善于交流和表达，强烈的责任感和服务意识，良好的团队合作精神。任职要求：1、4年以上APP开发工作经验;2、良好的编码风格和编程习惯；3、熟悉PHP7，熟悉设计模式和算法，深入了解PHP的性能和安全最优化;4、熟悉数据库Mysql、Redis、MongoDB、Memcached等常用的数据库;5、熟悉swoole、数据结构、docker、微服务、k8s、elasticsearch;6、熟练使用workerman、swoole等生态的应用;7、熟悉分布式系统、微服务、高并发、集群;8、有良好的团队合作能力，善于沟通，热爱开发事业。职能类别：PHP开发工程师关键字：phpphp开发php工程师程序员PHP架构html5开发微信分享
高薪急聘PHP程序员,广东朝阳企讯通科技有限公司,1.2-1.5万/月,广州-天河区,大专,5-7年经验,07-05发布,招3人,棠东东路41号韵泰商业广场B座4楼整层,民营公司,1000-5000人,互联网/电子商务,"1、 根据公司要求，制定适合公司的技术标准、流程规范；2、 全面监控产品开发质量，指导产品研发进度安排，根据公司需要确定产品开发周期及人员安排；3、 指导项目组解决技术问题，带领团队合作配合，按时完成各开发项目；4、 负责团队的建设、激励、考评、培养，持续提升团队工作热情、工作质量和工作效率。任职条件：1、 大专以上学历，计算机相关专业毕业；2、 3年以上php开发经验，1-2年带领技术团队经验；3、 熟悉html5,javascript等前端开发技术,了解微信小程序的开发规范；4、 熟悉常用的PHP框架，如ThinkPHP、Laravel 等，熟悉MVC模式；5、 有3个以上完整项目的管理经验，包含前后端、数据库架构、服务器等；6、 具备敏捷开发管理经验，能合理分配技术团队开发任务，快速推进和管理项目开发进程；7、 有良好的沟通、协调、组织和团队建设能力，责任心强。工作时间：周一至周六，早上8：30-12：00，下午13：30-18：00.不接受单休者勿投！！！上班地点：广州【公司介绍】广东湛蓝科技有限公司，拥有5家子公司，是阿里巴巴、百度的合作商，专注为中小企业提供互联网营销平台信息技术服务，帮助中小企业成交、成长。【旗下子公司】广东朝阳全网通科技有限公司（有9家分公司），上海方笙网络科技有限公司，广东朝阳企讯通科技有限公司，广东朝阳网商通科技有限公司，广州湛蓝供应链有限公司。【主营业务】版块一：诚信通、金融；版块二：平台代运营服务；版块三：百度信誉，百度名片；版块四：网建（全网营销） ；版块五：菜鸟物流供应链【商业模式】湛蓝旗下子公司与阿里巴巴、百度互联网公司进行业务合作，组建销售、服务及研发团队，通过电销、会销、面销、直播、社群运营等提供信息技术服务的方式促进客户成交，按需收取年费方式达到营收目标。【员工数量】2500+【未来发展规划】通过自我研发产品及生态产品共赢合作方式，全链路覆盖中小企业成交、成长需求。职能类别：PHP开发工程师关键字：phpphp开发php工程师微信分享"
游戏服务器主程PHP,上海骏众网络科技有限公司,1.5-2.8万/月,上海-黄浦区,本科,3-4年经验,07-05发布,招1人,丽园路718号智造局1期1号楼303,上市公司,少于50人,网络游戏,"职位描述:1、精通PHP开发语言，熟悉面向对象的软件设计方法；2、设计和开发手机网络游戏后端，包括服务器结构和逻辑，数据库结构，通信协议；3、负责游戏软件后台服务器程序的架构设计和底层开发，服务端代码的编写；4、游戏软件后台服务器系统和后台服务器管理工具的设计和开发；5、解决技术难题，保证游戏开发的正常进行。职位要求：1、具有3年以上相关工作经验,有大中型手机游戏完整项目开发经验优先；2、精通PHP程序设计，具备有良好的程序编码能力；3、熟悉大容量数据库程序开发，熟悉mysql/mongodb数据库设计优化；4、了解大并发数据解决方案，熟悉memcached/redis等Nosql技术；5、能编写高质量代码，具备良好的开发文档书写习惯,有良好的面向对象分析、设计能力；6、对策划提出的各种设计需求的技术可行性进行评估和技术更正；7、良好的沟通能力，高度的工作责任心和敬业精神，人品佳。职能类别：PHP开发工程师关键字：php开发微信分享"
PHP开发工程师,南京实进智电子科技发展有限公司,1-1.5万/月,南京-玄武区,大专,3-4年经验,07-05发布,招3人,玄武大道699-22号12栋,民营公司,50-150人,计算机软件,岗位职责：1、网站后台的设计与开发；2、相关开发文档的整理与编写；3、后期后台的扩展与维护；4、C++研发配合工作职能类别：PHP开发工程师微信分享
PHP开发工程师,广州新居网家居科技有限公司,0.8-1万/月,广州-越秀区,本科,1年经验,07-05发布,招若干人,越秀区东风东路东宝大厦26楼,民营公司,1000-5000人,互联网/电子商务,"岗位职责：1、使用PHP语言开发互联网应用程序；2、网站产品和网站功能模块的开发与维护；3、与页面设计师协调沟通，编写部分Javascript和HTML；4、参与后台系统的编写与维护。任职要求：1、统招本科及以上学历，计算机类相关专业；2、具有强烈的学习热情和进取心，勇于接受挑战，善于自我激励；3、熟悉Mysql，2年以上PHP实际项目编程经验；4、熟悉Linux/Apache开发环境，有一定的数据结构和算法基础；5、熟悉HTML5+CSS3.0+Jquery-mobile，AJAX和其他JQuery框架等前台技术；6、熟悉Cache和SEO技术，能对网站进行程序优化,有大型网站开发经验者优先考虑；7、逻辑清晰，工作认真，执行能力强，良好团队意识。职能类别：PHP开发工程师关键字：php程序员开发php工程师工程师微信分享"
PHP程序员,青岛友腾信息技术有限公司,5-8千/月,青岛-李沧区,大专,2年经验,07-05发布,招若干人,书院路37号奥克斯广场6号楼2502室,创业公司,少于50人,"计算机软件,互联网/电子商务","1、完成软件系统代码的实现，编写代码注释和开发文档；2、辅助进行系统的功能定义,程序设计；3、根据设计文档或需求说明完成PHP代码编写，调试，测试和维护；4、分析并解决软件开发过程中的问题；5、协助测试工程师制定测试计划，定位发现的问题；6、配合项目经理完成相关任务目标。任职要求：1、2年以上PHP开发工作经验2、精通PHP语言，熟悉主流开发框架Laravel，Yii，ThinkPHP5等3、精通LAMP或LNMP架构，熟悉Memcache，Redis等4、熟悉MySQL，对索引优化，存储优化有经验优先5、掌握JQuery，AJAX等WEB页面技术，熟悉Node，Angular，React优先6、有良好的编码习惯，项目结构清晰，命名规范，逻辑性强7、有较强的新技术学习能力和动力，以及对问题的排查和解决能力职能类别：软件工程师高级软件工程师关键字：PHP程序员PHPPHP建站微信分享"
